insert into cozinha (id, nome) values (1, 'Tailandesa');
insert into cozinha (id, nome) values (3, 'Argentina');

insert into estado (id, nome) values (1, 'Minas Gerais');

insert into cidade (id, nome, estado_id) values (1, 'Uberlândia', 1);

insert into forma_pagamento (id, descricao) values (1, 'Cartão de crédito');
insert into forma_pagamento (id, descricao) values (2, 'Cartão de débito');

insert into restaurante (id, nome, taxa_frete, cozinha_id, data_cadastro, data_atualizacao, ativo, aberto, endereco_cidade_id, endereco_cep, endereco_logradouro, endereco_numero, endereco_bairro) values (1, 'Thai Gourmet', 10, 1, utc_timestamp, utc_timestamp, true, true, 1, '38400-999', 'Rua João Pinheiro', '1000', 'Centro');
insert into restaurante (id, nome, taxa_frete, cozinha_id, data_cadastro, data_atualizacao, ativo, aberto) values (4, 'Java Steakhouse', 12, 3, utc_timestamp, utc_timestamp, true, true);

insert into restaurante_forma_pagamento (restaurante_id, forma_pagamento_id) values (1, 1), (1, 2), (4, 1), (4, 2);

insert into produto (id, nome, descricao, preco, ativo, restaurante_id) values (1, 'Porco com molho agridoce', 'Deliciosa carne suína ao molho especial', 78.90, 1, 1);
insert into produto (id, nome, descricao, preco, ativo, restaurante_id) values (2, 'Camarão tailandês', '16 camarões grandes ao molho picante', 110, 1, 1);
insert into produto (id, nome, descricao, preco, ativo, restaurante_id) values (3, 'Bife Ancho', 'Corte macio e suculento, com dois dedos de espessura, retirado da parte dianteira do contrafilé', 79, 1, 4);

insert into usuario (id, nome, email, senha, data_cadastro) values
(1, 'João da Silva', 'joao.ger@gmail.com', '123', utc_timestamp);

insert into pedido (id, restaurante_id, usuario_cliente_id, forma_pagamento_id, endereco_cidade_id, endereco_cep, 
                    endereco_logradouro, endereco_numero, endereco_complemento, endereco_bairro,
	                status, data_criacao, subtotal, taxa_frete, valor_total)
values (1, 1, 1, 1, 1, '38400-000', 'Rua Floriano Peixoto', '500', 'Apto 801', 'Brasil',
        'CRIADO', utc_timestamp, 298.90, 10, 308.90);

insert into item_pedido (id, pedido_id, produto_id, quantidade, preco_unitario, preco_total, observacao)
values (1, 1, 1, 1, 78.9, 78.9, null);

insert into item_pedido (id, pedido_id, produto_id, quantidade, preco_unitario, preco_total, observacao)
values (2, 1, 2, 2, 110, 220, 'Menos picante, por favor');


insert into pedido (id, restaurante_id, usuario_cliente_id, forma_pagamento_id, endereco_cidade_id, endereco_cep, 
                    endereco_logradouro, endereco_numero, endereco_complemento, endereco_bairro,
	                status, data_criacao, subtotal, taxa_frete, valor_total)
values (2, 4, 1, 2, 1, '38400-111', 'Rua Acre', '300', 'Casa 2', 'Centro',
        'CRIADO', utc_timestamp, 79, 0, 79);

insert into item_pedido (id, pedido_id, produto_id, quantidade, preco_unitario, preco_total, observacao)
values (3, 2, 3, 1, 79, 79, 'Ao ponto');